id;kanton_id;name;strasse;postfach;plz;ort;mail;sprache;webpage;plannerlink
1;BE;A. Bill AG;Seftigenstrasse 315;;3084;Wabern;info@billbaut.ch;de;https://billbaut.ch;
2;BE;Addor AG;;Postfach 405;3780;Gstaad;info@addor-ag.ch;de;https://addor-ag.ch;
3;BE;ADOLF KÜNZI AG;Bindenhausstrasse 42d;;3098;Köniz;info@kuenzibau.ch;de;https://kuenzibau.ch;
4;BE;Aeschlimann AG;Gammenthal 676;;3454;Sumiswald;info@aeschlimannag.ch;de;https://aeschlimannag.ch;
5;BE;AG von Allmen;Losisgräbli 419;;3822;Lauterbrunnen;mva@agvonallmen.ch;de;https://agvonallmen.ch;
6;BE;Alfred Hirt Bau AG.;Neuenburgstrasse 10;;2512;Tüscherz-Alfermée;info@ahirt-bau.ch;de;https://ahirt-bau.ch;
7;BE;Alpinice AG;Sandweg 3;;3818;Grindelwald;info@alpinice.ch;de;https://alpinice.ch;
8;BE;Widmer Bauunternehmung;Rachisberg 281f;;3418;Rüegsbach;widmer.rachisberg@bluewin.ch;de;;
9;BE;Antonietti & Schwaar AG;Witzwilstrasse 5;;3232;Ins;office@antonietti-schwaar.ch;de;https://antonietti-schwaar.ch;
10;BE;ARM AG;Emmentalstrasse 73A;;3510;Konolfingen;info@arm-ag.ch;de;https://arm-ag.ch;
11;BE;Banholzer Bau AG;Lenkstrasse 34;;3775;Lenk;info@banholzer-bau.ch;de;https://banholzer-bau.ch;
12;BE;Bau4U AG;Längfeldweg 50;;2504;Biel;info@bau4u.ch;de;https://bau4u.ch;
13;BE;Baugeschäft Baur GmbH;Eichenweg 5;;3628;Uttigen;info@baur-baugeschaeft.ch;de;https://baur-baugeschaeft.ch;
14;BE;Bauhandwerk AG;Untere Hohle Gasse 5;;3550;Langnau im Emmental;info@bauhandwerkag.ch;de;https://bauhandwerkag.ch;
15;BE;Bautag Bern AG;Winterholzstrasse 59;;3018;Bern;info@bautag.ch;de;https://bautag.ch;
16;BE;Paul Wyss AG;Hohsteg 146;;3822;Lauterbrunnen;paul-wyss@bluewin.ch;de;;
17;BE;Bauwerk AG;Lauenenstrasse 102;;3780;Gstaad;info@bauwerk-gstaad.ch;de;https://bauwerk-gstaad.ch;
18;BE;Bauwerk AG;Allmendstrasse 9;;3770;Zweisimmen;info@bauwerk-zweisimmen.ch;de;https://bauwerk-gstaad.ch;
19;BE;H. Berger Bau AG;Rütifeldstrasse 12;;3294;Büren an der Aare;info@bergerbau.ch;de;https://bergerbau.ch;
20;BE;H. Berger Bau AG;Galgenfeldweg 13E;;3006;Bern;info@bergerbau.ch;de;https://bergerbau.ch;
21;BE;H. Berger Bau AG;Niklaus Wengistrasse 95;;2540;Grenchen;info@bergerbau.ch;de;https://bergerbau.ch;
22;BE;H. Berger Bau AG;Zentrumspl. 6;;3322;Urtenen-Schönbühl;info@bergerbau.ch;de;https://bergerbau.ch;
23;BE;Beutler Bautech GmbH;Eichenweg 16;;4900;Langenthal;info@beutler-bautech.ch;de;https://beutler-bautech.ch;
24;BE;Beyeler Bau AG;Hausenstrasse 79;;3860;Meiringen;info@beyelerbau.ch;de;https://beyelerbau.ch;
25;BE;Binggeli Bau AG;Güterstrasse 8;;3150;Schwarzenburg;info@binggelibau.ch;de;https://binggelibau.ch;
26;BE;Biollay Spezialbau AG;Rehhagstrasse 3;;3018;Bern;info@biollay-spezialbau.ch;de;https://biollay-spezialbau.ch;
27;BE;Bovisi AG;Bodengässli 7;;3145;Niederscherli;info@bovisiag.ch;de;https://bovisiag.ch;
28;BE;Brogini AG;Südstrasse 8;;3250;Lyss;info@broginiag.ch;de;https://broginiag.ch;
29;BE;Bucher Baugeschäft AG;Sägemattstrasse 2;Postfach 242;3097;Liebefeld;info@bucherbau.ch;de;https://bucherbau.ch;
30;BE;Büchi Bauunternehmung AG;Meisenweg 15;Postfach;3000;Bern 22;info@buechibau.ch;de;https://buechibau.ch;
31;BE;Burn & Künzi AG;Burgholz 46;;3753;Oey;info@burnag.ch;de;https://burnag.ch;
32;BE;Burn Spezialbau AG;Landstrasse 72a;;3715;Adelboden;info@burnspezialbauag.ch;de;https://burnspezialbauag.ch;
33;BE;Burri + Partner Bau AG;Gurnigelstrasse 28;;3132;Riggisberg;info@burripartnerbau.ch;de;https://burripartnerbau.ch;
34;BE;BURRIbau AG;Sägebachweg 20;;3114;Wichtrach;info@burribau.ch;de;https://burribau.ch;
35;BE;Cäsar Bay AG;Emmentalstrasse 73c;;3510;Konolfingen;info@bay-bau.ch;de;https://bay-bau.ch;
36;BE;Christ + Röthlisberger AG;Webergutstrasse 10;;3052;Zollikofen;info@christ-roethlisberger.ch;de;https://christ-roethlisberger.ch;
37;BE;Stettler AG;Wydengasse 6;Postfach 36;2557;Studen;info@stettlerag.ch;de;https://stettlerag.ch;
38;BE;De Luca AG;Mattenstrasse 33 PF;;2501;Biel;info@deluca.ch;de;https://deluca.ch;
40;BE;E.Schär AG;Mittelstrasse 11;;3360;Herzogenbuchsee;info@e-schaer-ag.ch;de;https://e-schaer-ag.ch;
41;BE;Eggenberger-Tiefbau GmbH;Forrenböhlstrasse 21;;9050;Appenzell;info@eggenberger-tiefbau.ch;de;https://eggenberger-tiefbau.ch;
42;BE;Egger Bau GmbH;Scharnagelnstrasse 8;;4704;Niederbipp;info@eggerbau.ch;de;https://eggerbau.ch;
43;BE;EGGER Bauunternehmung AG;Brüggmatteweg 42;;3714;Frutigen;info@egger-bau.ch;de;https://egger-bau.ch;
44;BE;Eggler Bau;Feldlistrasse 16;;3855;Schwanden b. Brienz;info@egglerbau.ch;de;https://egglerbau.ch;
45;BE;Karl Enz GmbH;Rathausgasse 84;;3011;Bern;info@enz-bern.ch;de;https://enz-bern.ch;
46;BE;H. Weber & Partner AG;Einschlagweg 67;;3400;Burgdorf;info@hweber-partner.ch;de;https://hweber-partner.ch;
47;BE;E. Buff Bau AG;Pelikanweg 6;;3074;Muri b. Bern;info@buffbau.ch;de;https://buffbau.ch;
48;BE;Faes Bau AG;Schmiedengasse 17;;3400;Burgdorf;info@faesbau.ch;de;https://faesbau.ch;
49;BE;Fankhauser Tiefbau AG;Bernstrasse 102;;3250;Lyss;info@fankhauser-tiefbau.ch;de;https://fankhauser-tiefbau.ch;
50;BE;Fiechter Studer AG;Wiesenstrasse 22;;3072;Ostermundigen;info@fiechterstuder.ch;de;https://fiechterstuder.ch;
51;BE;Flück + Blatter AG;Rieseten 1036b;;3855;Brienz;​info@flueckundblatter.ch;de;https://flueckundblatter.ch;
52;BE;FREIDIG BAU + TRANSPORTE AG;Oberriedstrasse 6;;3775;Lenk;info@freidig.ch;de;https://freidig.ch;
53;BE;Fritz Leuenberger AG;Eisenbahnstrasse 1;;3360;Herzogenbuchsee;info@leubau.ch;de;https://leubau.ch;
54;BE;Frutiger AG;Frutigenstrasse 37;;3600;Thun;strassenbau@frutiger.com;de;https://frutiger.com;
55;BE;Frutiger AG;Eymattstrasse 73;Postfach 248;3027;Bern;frutiger-bern@frutiger.com;de;https://frutiger.com;
56;BE;Frutiger AG;Wangenstrasse 142;;3018;Bern;strassenbau-bern@frutiger.com;de;https://frutiger.com;
57;BE;Frutiger AG;Schneckelerstrasse 22;;4414;Füllinsdorf;basel@frutiger.com;de;https://frutiger.com;
59;BE;Fuhrer + Dubach AG;Emmentalstrasse 70;;3432;Lützelflüh;info@fuhrer-dubach.ch;de;https://fuhrer-dubach.ch;
60;BE;GALLO Baugeschäft AG;Freiburgstrasse 440;;3018;Bern;info@gallobau.ch;de;https://gallobau.ch;
61;BE;Gasser Felstechnik AG;Walchistrasse 30;;6078;Lungern;gasser@felstechnik.ch;de;https://felstechnik.ch;
62;BE;Gebr. Kandlbauer AG;Grythstrasse 4;;3818;Grindelwald;info@kandlbauerag.ch;de;https://kandlbauerag.ch;
63;BE;Gebr. Steiner AG;Unterdorf 45k;;4937;Ursenbach;info@steiner-baugeschaeft.ch;de;https://steiner-baugeschaeft.ch;
64;BE;Gebrüder Müller AG;Frutigenstrasse 36;;3711;Mülenen;info@mueller-bau.ch;de;https://mueller-bau.ch;
65;BE;Gerber+Troxler Bau AG;;Postfach 92;3806;Bönigen;rechnungen@gt-bau.ch;de;https://gt-bau.ch;
66;BE;Ghelma AG;Liechtenenstrasse 10;;3860;Meiringen;baubetriebe@ghelma.ch;de;https://ghelma.ch;
67;BE;Ghelma AG;Sandstrasse 10;Postfach 270;3860;Meiringen;bauen@gstb.ch;de;https://gstb.ch;
68;BE;GLB Hauptsitz und Verwaltung;Bahnhofstrasse 27;;3550;Langnau i.E.;info@glb.ch;de;https://glb.ch;
69;BE;GLB Berner Mittelland;Sensemattstrasse 150;;3174;Thörishaus;thoerishaus@glb.ch;de;https://glb.ch;
70;BE;GLB Emmental;Schüpbachstrasse 26;;3543;Emmenmatt;emmenmatt@glb.ch;de;https://glb.ch;
71;BE;GLB Oberaargau;Murgenthalstrasse 70A;;4900;Langenthal;langenthal@glb.ch;de;https://glb.ch;
72;BE;GLB Seeland;Grenzstrasse 25;;3250;Lyss;lyss@glb.ch;de;https://glb.ch;
73;BE;GLB Thun/Oberland;Moosweg 11;;3645;Gwatt;gwatt@glb.ch;de;https://glb.ch;
74;BE;GLB Zürich Land;Wässeristrasse 31;;8340;Hinwil;hinwil@glb.ch;de;https://glb.ch;
75;BE;Gränicher AG;Rüttistaldenstrasse 20;;4950;Huttwil;info@graenicher-bau.ch;de;https://graenicher-bau.ch;
76;BE;Greuter AG;Langmattstrasse;;8182;Hochfelden;info@greuterag.ch;de;https://greuterag.ch;
77;BE;Greuter AG;Postgässli 23;;3661;Uetendorf;info@greuterag.ch;de;https://greuterag.ch;
78;BE;Greuter AG;Chlusstrasse 6;;7240;Küblis;info@greuterag.ch;de;https://greuterag.ch;
79;BE;Greuter AG;Plong Muling 30;;7013;Domat/Ems;info@greuterag.ch;de;https://greuterag.ch;
80;BE;Greuter AG;Pilatusstrasse 2;;6036;Dierikon;info@greuterag.ch;de;https://greuterag.ch;
81;BE;Grossenbacher Alain;Sagistrasse 7;;3775;Lenk;info@alain-grossenbacher.ch;de;https://alain-grossenbacher.ch;
82;BE;H. Leder's Erben AG;Studerstrasse 46;;3004;Bern;;de;;
83;BE;Lörtscher AG;Beim Bahnhof 267Q;;3765;Oberwil;info@loertscherag.ch;de;https://loertscherag.ch;
84;BE;H. TEUSCHER AG;;;3763;Daerstetten;info@h-teuscherag.ch;de;https://www.h-teuscherag.ch/;
85;BE;H.U. Schweizer GmbH;;;3436;Zollbrück;info@schweizergmbh.ch;de;https://schweizergmbh.ch;
86;BE;Hans Gurtner AG;Archmattweg 30;;2540;Grenchen;p.luethi@gurtner-ag.ch;de;https://gurtner-ag.ch;
87;BE;Hans Schmid AG;Eyfuhrenstr. 22;;3437;Rüderswil;info@bauunternehmung-schmid.ch;de;https://bauunternehmung-schmid.ch;
88;BE;Hans Ulrich Christen AG;Bahnhofplatz 9;;3452;Grünenmatt;info@chribau.ch;de;https://chribau.ch;
89;BE;Anliker AG;Meierhöflistrasse 18;;6021;Emmenbrücke;bauunternehmung@anliker.ch;de;https://anliker.ch;
90;BE;Helmle AG;Florastrasse 4;;3600;Thun;info@helmleag.ch;de;https://helmleag.ch;
91;BE;HERZOG Bau und Holzbau AG;Flugbrunnenstrasse 30;;3066;Stettlen;info@herzogbau.ch;de;https://herzogbau.ch;
92;BE;HTH Hoch+Tiefbau AG;Winterhaldenstrasse 13;;3627;Heimberg;info@hth-heimberg.ch;de;https://hth-heimberg.ch;
93;BE;Huldi + Stucki;Pfaffensteig 6;;3018;Bern;info@huldi-stucki.ch;de;https://huldi-stucki.ch;
94;BE;Jauner Bau AG;Neugrundstrasse 13;;3176;Neuenegg;jauner@datacomm.ch;de; https://jaunerbau.ch;
95;BE;Jesùs Dapena AG;Florastrasse 19;;3800;Interlaken;info@dapena.ch;de;https://dapena.ch;
96;BE;Jost Bau AG;Riedtwilstrasse 18;;3472;Wynigen;info@jost-bau.ch;de;https://jost-bau.ch;
97;BE;Karl Anderegg AG;Sandweg 6;;3818;Grindelwald;info@karlanderegg.ch;de;https://karlanderegg.ch;
98;BE;Kästli Bau AG;Altes Riedgässli 2;;3113;Rubigen;info@kaestlibau.ch;de;https://kaestligruppe.ch/privatkunden;https://kaestligruppe.heimstein.cloud
99;BE;Kästli Bau AG;Bierigutstrasse 16;;3608;Thun;info@kaestlibau.ch;de;https://kaestligruppe.ch/privatkunden;https://kaestligruppe.heimstein.cloud
100;BE;Keller AG;Hohrainstrasse 25 A;;3322;Urtenen-Schönbühl;info@kellerbau.ch;de;https://kellerbau.ch;
101;BE;KIBAG Bauleistungen AG;Zentweg 17c;;3006;Bern;info.bern@kibag.ch;de;https://kibag.ch;
102;BE;KIBAG Bauleistungen AG;Oberer Aareweg 29;;3250;Lyss;info.lyss@kibag.ch;de;https://kibag.ch;
103;BE;KIBAG Bauleistungen AG;Jurastrasse 15;Postfach 84;2501;Biel;info.biel@kibag.ch;de;https://kibag.ch;
104;BE;KIBAG Bauleistungen AG;;Postfach;3360;Herzogenbuchsee;info.herzogenbuchsee@kibag.ch;de;https://kibag.ch;
105;BE;KIBAG Bauleistungen AG;Weissensteinstrasse 15;;4900;Langenthal;info.langenthal@kibag.ch;de;https://kibag.ch;
106;BE;KIBAG Bauleistungen AG;Schärischachen 804;;3550;Langnau i.E.;info.langnau@kibag.ch;de;https://kibag.ch;
107;BE;KIBAG Bauleistungen AG;Industriestrasse 1;;4950;Huttwil;info.huttwil@kibag.ch;de;https://kibag.ch;
108;BE;KIBAG Bauleistungen AG;Hegenheimerstrasse 311;;4055;Basel;info.basel@kibag.ch;de;https://kibag.ch;
109;BE;KIBAG Bauleistungen AG;Belchenstrasse 3;;4600;Olten;info.olten@kibag.ch;de;https://kibag.ch;
110;BE;KIBAG Bauleistungen AG;Aeschwuhrstrasse 40;;4665;Oftringen;info.oftringen@kibag.ch;de;https://kibag.ch;
111;BE;KIBAG Bauleistungen AG;Seetalstrasse 215;;6032;Emmen;info.emmen@kibag.ch;de;https://kibag.ch;
112;BE;KIBAG Bauleistungen AG;Bachstrasse 9/11;;8038;Zürich;info.kzi@kibag.ch;de;https://kibag.ch;
113;BE;KIBAG Bauleistungen AG;Mühlegasse 5;;6340;Baar;info.baar@kibag.ch;de;https://kibag.ch;
114;BE;KIBAG Bauleistungen AG;Sihlbruggstrasse 20;;6345;Neuheim;info.kzi@kibag.ch;de;https://kibag.ch;
115;BE;KIBAG Bauleistungen AG;Bächaustrasse 73;;8806;Bäch;info.kzi@kibag.ch;de;https://kibag.ch;
116;BE;KIBAG Bauleistungen AG;Stampfstrasse 100;;8645;Rapperswil-Jona;info.kzi@kibag.ch;de;https://kibag.ch;
117;BE;KIBAG Bauleistungen AG;Schlachthofstrasse 1;;8406;Winterthur;info.winterthur@kibag.ch;de;https://kibag.ch;
118;BE;KIBAG Bauleistungen AG;Hofwisenstrasse 2;;8260;Stein am Rhein;info.steinamrhein@kibag.ch;de;https://kibag.ch;
119;BE;KIBAG Bauleistungen AG;Bachstrasse 8;;8280;Kreuzlingen;info.kreuzlingen@kibag.ch;de;https://kibag.ch;
120;BE;KIBAG Bauleistungen AG;Müllheimerstrasse 4;Hasli;8554;Müllheim-Wigoltingen;info.wigoltingen@kibag.ch;de;https://kibag.ch;
121;BE;KIBAG Bauleistungen AG;Mühlfangstrasse 1;;8570;Weinfelden;info.weinfelden@kibag.ch;de;https://kibag.ch;
122;BE;KIBAG Bauleistungen AG;Romiszelgstrasse 1;;8590;Romanshorn;info.romanshorn@kibag.ch;de;https://kibag.ch;
123;BE;KIBAG Bauleistungen AG;Höhenstrasse 46;;9500;Wil;info.wil@kibag.ch;de;https://kibag.ch;
124;BE;KIBAG Bauleistungen AG;Bischofszellerstrasse 311;;9212;Arnegg;info.arnegg@kibag.ch;de;https://kibag.ch;
125;BE;KIBAG Bauleistungen AG;Bildstrasse 6;;9015;St. Gallen;info.stgallen@kibag.ch;de;https://kibag.ch;
126;BE;KIBAG Bauleistungen AG;Schwellbrunnerstrasse 48;;9100;Herisau;info.herisau@kibag.ch;de;https://kibag.ch;
127;BE;KIBAG Bauleistungen AG;Industriestrasse 22;;7004;Chur;info.chur@kibag.ch;de;https://kibag.ch;
128;BE;KIBAG Bauleistungen AG;Löserweg 2;Postfach 5;7430;Thusis;info.thusis@kibag.ch;de;https://kibag.ch;
129;BE;KIBAG Bauleistungen AG;Via Chalavus 7;;7500;St. Moritz;info.engadin@kibag.ch;de;https://kibag.ch;
130;BE;Kohler Bau AG;Grimselstrasse 88E;;3860;Schattenhalb;info@kohlerbau.ch;de;https://kohlerbau.ch;
131;BE;Kolly AG;Lüscherzstrasse 2;;3234;Vinelz;info@kollyag.ch;de;https://kollyag.ch;
132;BE;König Bau GmbH;Oberdorfstrasse 32;;4934;Madiswil;info@koenigbau.ch;de;https://koenigbau.ch;
133;BE;KREBS BAU AG;Meikirchstrasse 26A;;3042;Ortschwaben;info@krebsbauag.ch;de;https://krebsbauag.ch;
134;BE;KREUZER BAU AG;Chaumontweg 2;;3095;Spiegel;spiegel@kreuzerbauag.ch;de;https://kreuzerbauag.ch;
135;BE;Kropf baut;Hühnermoos 57;;3614;Unterlangenegg;info@kropfbaut.ch;de;https://kropfbaut.ch;
136;BE;Künti AG;Schiblerstrasse 41;;3425;Koppigen;info@kuenti-ag.ch;de;https://kuenti-ag.ch;
137;BE;Künzi + Knutti AG;C.F.L-Lohnerstrasse 26;;3645;Thun;info@kuenzi-knutti.ch;de;https://kuenzi-knutti.ch;
138;BE;Künzi + Knutti AG;Landstrasse 84;;3715;Adelboden;thun@kuenzi-knutti.ch;de;https://kuenzi-knutti.ch;
139;BE;Lanz AG;Industriestrasse 22;;3700;Spiez;mail@lanzag.ch;de;https://lanzag.ch;
140;BE;Marti Gruppe;Seedorffeldstrasse 21;;3302;Moosseedorf;info@martiag.ch;de;https://martiag.ch;
141;BE;Marti AG Bern;Bernstrasse 13;;3302;Moosseedorf;bern@martiag.ch;de;https://martiag.ch;
142;BE;Marti AG Bern;Schwandstrasse 100;;3634;Thierachern;thun@martiag.ch;de;https://martiag.ch;
143;BE;Marti AG Bern;Parallelstrasse 18;;3714;Frutigen;frutigen@martiag.ch;de;https://martiag.ch;
144;BE;Martin Messerli GmbH;Seftigenstrasse 127;;3123;Belp;martin-messerli-gmbh@gmx.ch;de;https://gmx.ch;
145;BE;Maurer + Raz AG;Steinigässli 4;;3862;Innertkirchen;info@maurer-raz.ch;de;https://maurer-raz.ch;
146;BE;Maurer + Raz AG;Lenkstrasse 144;;3773;Matten;vonbergen@maurer-raz.ch;de;https://maurer-raz.ch;
147;BE;Maurer + Raz AG;Galgenbühlweg 1B;;3770;Zweisimmen;vonbergen@maurer-raz.ch;de;https://maurer-raz.ch;
148;BE;Maurer + Raz AG;Kirchgasse 50;;3812;Wilderswil;info@maurer-raz.ch;de;https://maurer-raz.ch;
149;BE;Maurer + Raz AG;Bahnhofstrasse 37;;3860;Meiringen;info@maurer-raz.ch;de;https://maurer-raz.ch;
150;BE;Mäusli Bau AG;Bernstrasse 62;;3267;Seedorf;info@maeusli.ch;de;https://maeusli.ch;
151;BE;Mäusli Bau AG;Ziegeleistrasse 6;;3054;Schüpfen;info@maeusli.ch;de;https://maeusli.ch;
152;BE;Meier + Jäggi;Chorgasse 4;;4800;Zofingen;info@m-j.ch;de;https://m-j.ch;
153;BE;messerli bauteam ag;Thunstrasse 61;;3612;Steffisburg;info@messerli-bauteam.ch;de;https://www.messerli-bauteam.ch;
154;BE;Mike Hauswirth;;Postfach 396;3780;Gstaad;mike@mikehauswirth.ch;de;https://mikehauswirth.ch;
155;BE;Müller Aarberg AG;;Postfach 45;3270;Aarberg;mueller@mueller-aarberg.ch;de;https://mueller-aarberg.ch;
156;BE;Mürner Bau und Immobilien AG;Sandgrubenstrasse 5;;3713;Reichenbach im Kandertal;info@muerner-immobilien.ch;de;https://muerner-immobilien.ch;
157;BE;Läderach Weibel AG;Bleichestrasse 10;Postfach 122;3602;Thun;info@laederachweibel.ch;de;https://laederachweibel.ch;
158;BE;Läderach Weibel AG;Zentweg 1a;;3006;Bern;info@laederachweibel.ch;de;https://laederachweibel.ch;
159;BE;Nufer Anderegg Bau AG;Moosgasse 6;;3852;Ringgenberg;info@na-bauag.ch;de;https://na-bauag.ch;
161;BE;O. Wyss AG;Postplatz 511;;3537;Eggiwil;bau@wyssbau.ch;de;https://wyssbau.ch;
162;BE;Otto Habegger AG;Zentweg 15;;3006;Bern;info@ottohabegger.ch;de;https://ottohabegger.ch;
163;BE;O. MÄDER AG;Krauchthalstrasse 19;;3414;Oberburg;info@maeder-bau.ch;de;https://maeder-bau.ch;
164;BE;P. Vögeli AG;Moosgasse 10;;3317;Limpach;info@voegelibau.ch;de;https://voegelibau.ch;
165;BE;P. Wegmüller Bau GmbH;Lochneuhaus 1;;3418;Rüegsbach;peter@wegmuellerbau.ch;de;https://wegmuellerbau.ch;
166;BE;Paul Bieri AG;Löchli 4;;3416;Affoltern i. E.;info@bieripaulag.ch;de;https://bieripaulag.ch;
167;BE;Peter Batt AG;Dorfstrasse 19;;3073;Gümligen;info@battbau.ch;de;https://battbau.ch;
168;BE;Pieren + Co. AG;Alte Strasse 2;;3715;Adelboden;info@pieren.com;de;https://pieren.com;
169;BE;Portner Bau AG;Bühlstrasse 19;;3127;Mühleturnen;info@portner-bau.ch;de;https://portner-bau.ch;
170;BE;Ramseier AG;Riedbachstrasse 201;;3020;Bern;info@ramseierag.ch;de;https://ramseierag.ch;
171;BE;Ritter Bauunternehmung AG;Sonnenstrasse 40;;2500;Biel;info@ritterbau.ch;de;https://ritterbau.ch;
172;BE;Riemat-Riesen AG;Muhlernstrasse 443;;3144;Gasel;info@riemat-riesen.ch;de;https://riemat-riesen.ch;
173;BE;KOPP AG;Mattenweg 37;;2557;Studen;post@koppag.ch;de;https://koppag.ch;
174;BE;Rösti AG;Merenweg 13;;3718;Kandersteg;info@roesti-bau.ch;de;https://roesti-bau.ch;
175;BE;Rösti Bau AG;Brüggmatte 202k;;3766;Boltigen;info@roestibau.ch;de;https://roestibau.ch;
176;BE;Rickli & Roth Bau AG;Burghubelstr. 22;;3272;Walperswil;info@rickli-roth.ch;de;https://rickli-roth.ch;
177;BE;Roth Bau AG;;;3615;Heimenschwand;info@rothbauag.ch;de;https://rothbauag.ch;
179;BE;Sägesser AG;Laueli 9a;;3653;Oberhofen am Thunersee;info@saegesserag.ch;de;https://saegesserag.ch;
180;BE;Samuel Zurbuchen AG;Hauptstrasse 267;;3852;Ringgenberg;zurbuchen.samuel@bluewin.ch;de;;
181;BE;Schibler + Haldi AG;Murtenstrasse 5;;3202;Frauenkappelen;info@schiblerundhaldi.ch;de;https://schiblerundhaldi.ch;
182;BE;Schneider AG;Utzenstorfstrasse 36;;3425;Koppigen;info@schneider-bau.ch;de;https://schneider-bau.ch;
183;BE;Christen AG;Hauptstrasse 48;;4565;Recherswil;info@christenbau.ch;de;https://christenbau.ch;
184;BE;Schürch AG;Südstrasse 27;;3250;Lyss;info@schuerch-ag.ch;de;https://schuerch-ag.ch;
185;BE;Schwarz Bau GmbH;Ahornstrasse 37;;4952;Eriswil;info@bauschwarz.ch;de;https://bauschwarz.ch;
186;BE;Schwitter Bau AG;Dorfstrasse 1;;3555;Trubschachen;info@schwitter-bau.ch;de;https://schwitter-bau.ch;
187;BE;SIGMA BAU BIEL AG;Mattenstrasse 165;Postfach;2501;Biel;​​info@sigmabau.ch;de;https://sigmabau.ch;
188;BE;SpediBau AG;C.F.L.-Lohnerstrasse 28D;;3645;Gwatt;p.kummer@spedibau.ch;de;https://spedibau.ch;
189;BE;Stämpfli AG;Güterstrasse 5;;3550;Langnau i.E.;info@staempfliag.ch;de;https://staempfliag.ch;
190;BE;Stämpfli AG;Hauptstrasse 149;;6182;Escholzmatt;info@staempfliag.ch;de;https://staempfliag.ch;
191;BE;Stettler AG;Wydengasse 6;Postfach 36;2557;Studen;info@stettlerag.ch;de;https://stettlerag.ch;
192;BE;Stoll Hoch- und Tiefbau AG;Ried 50;;3156;Riffenmatt;stollbau@bluewin.ch;de;;
193;BE;Stucki Spezialbau AG;Stauffacherstrasse 85;Postfach 666;3000;Bern 22;stucki@stuckibau.ch;de;https://www.stuckibau.ch;
194;BE;Studersond AG;Kalberweid 139;;3635;Uebeschi;info@studersond.ch;de;https://studersond.ch;
195;BE;Sutter Bauunternehmung AG;Zürich-Bernstrasse 22;;3429;Hellsau;info@sutterbau.ch;de;https://sutterbau.ch;
196;BE;Thoenen Bauunternehmung AG;Sportzentrumstrasse 11;;3780;Gstaad;info@thoenenbaut.ch;de;https://thoenenbaut.ch;
197;BE;Thuner Bau AG;Dorfstrasse 2;;3555;Trubschachen;info@thunerbauag;de;https://www.thunerbauag.ch;
198;BE;Trüssel AG;Kammernwaldstrasse 2;;4950;Huttwil;info@truesselbau.ch;de;https://truesselbau.ch;
199;BE;UB Umbauservice AG;Bethlehemstrasse 114;;3018;Bern;info@umbauservice.ch;de;https://umbauservice.ch;
200;BE;Urs Messerli AG;Rossweidstrasse 11;;3638;Blumenstein;info@ursmesserliag.ch;de;https://ursmesserliag.ch;
201;BE;Varium Bau AG;Dammweg 41;;3013;Bern;mail@variumbau.ch;de;https://variumbau.ch;
202;BE;von gunten AG;Schlegwegstrasse 7;;3673;Linden;info@vgbau.ch;de;https://vgbau.ch;
203;BE;Vontobel Abbruch + Aushub AG;Looslistrasse 21;;3027;Bern;info@vontobel-ag.ch;de;https://vontobel-ag.ch;
204;BE;Kobel AG;Untermattweg 40;;3027;Bern;kobel-ag@gmx.net;de;https://www.kobel-ag.ch;
205;BE;W.Stalder;Eybodenweg 49;;3513;Bigenthal;info@stalderbigenthal.ch;de;https://stalderbigenthal.ch;
206;BE;Walo Bertschinger AG;Feldstrasse 42;;3073;Gümligen;walo.bern@walo.ch;de;https://walo.ch;
207;BE;Walo Bertschinger AG;Alte Staatsstrasse 4;;3752;Wimmis;wimmis@walo.ch;de;https://walo.ch;
208;BE;Walo Bertschinger AG;Bächliackerstrasse 10;;4402;Frenkendorf;walo.basel@walo.ch;de;https://walo.ch;
209;BE;Walo Bertschinger AG;Rheinweg 9;;8200;Schaffhausen;walo.schaffhausen@walo.ch;de;https://walo.ch;
210;BE;Walo Bertschinger AG;Cho d'Punt 60;;7503;Samedan;walo.samedan@walo.ch;de;https://walo.ch;
211;BE;Walo Bertschinger AG;Bahnhofstrasse 14;;6454;Flüelen;walo.flueelen@walo.ch;de;https://walo.ch;
212;BE;Walo Bertschinger AG;Tardisstrasse 217;;7205;Zizers;walo.graubuenden@walo.ch;de;https://walo.ch;
213;BE;Walo Bertschinger AG;Neuhaltenring 8;;6030;Ebikon;walo.luzern@walo.ch;de;https://walo.ch;
214;BE;Walo Bertschinger AG;Rupperswilerstrasse 11;Dorfmatte;5502;Hunzenschwil;walo.lenzburg@walo.ch;de;https://walo.ch;
218;BE;Walo Bertschinger Central AG;Heimstrasse 1;;8953;Dietikon 1;walo@walo.ch;de;https://walo.ch;
219;BE;Walo Bertschinger AG;Giessenstrasse 5;;8953;Dietikon 1;walo@walo.ch;de;https://walo.ch;
220;BE;Walo Bertschinger AG;Schuppis 21;;9403;Goldach;walo-ost@walo.ch;de;https://walo.ch;
221;BE;Walo Bertschinger AG;Engelhölzlistrasse 7a;;8645;Jona;walo.jona@walo.ch;de;https://walo.ch;
222;BE;Weibel AG;Rehhagstrasse 3;Postfach 768;3018;Bern;info@weibelag.com;de;https://weibelag.com;
226;BE;Weibel Muri AG;Tannental 6;Postfach 336;3074;Muri b. Bern;info@weibelmuri.ch;de;https://weibelmuri.ch;
227;BE;Wenger Tiefbau AG;Schwand 68N;;3616;Schwarzenegg;info@wenger-tiefbau.ch;de;https://wenger-tiefbau.ch;
228;BE;Werren & FlickBau AG;Könizstrasse 237;;3097;Liebefeld;info@werren-flickbau.ch;de;https://werren-flickbau.ch;
229;BE;Werren & FlickBau AG;Simmentalstrasse 28G;;3752;Wimmis;info@werren-flickbau.ch;de;https://werren-flickbau.ch;
230;BE;Werren & FlickBau AG;Lenkstrasse 72;;3775;Lenk i.S.;info@werren-flickbau.ch;de;https://werren-flickbau.ch;
231;BE;Widmer Traxbetrieb AG;Alte Murtenstrasse 12;;3205;Gümmenen;info@widmer-traxbetrieb.ch;de;https://widmer-traxbetrieb.ch;
232;BE;Wirz AG;Freiburgstrasse 359;;3018;Bern;info@wirzag.ch;de;https://wirzag.ch;
233;BE;Witschi AG;Murgenthalstrasse 87;;4900;Langenthal;info@witschibau.ch;de;https://witschibau.ch;
234;BE;Zangger Bau GmbH;Industriestrasse 1;;2554;Meinisberg;info@zanggerbau.ch;de;https://zanggerbau.ch;
235;BE;ZAUGG BAU AG;Allmendingen-Allee 2;;3608;Thun;info@zauggbau.ch;de;https://zauggbau.ch;
236;BE;Zaugg Hoch + Tiefbau AG;Industrieweg 4;;3426;Aefligen;info@zaugg-bauag.ch;de;https://zaugg-bauag.ch;
237;BE;Zimmermann AG;Schmockenstrasse 101;;3803;Beatenberg;info@zimbau.ch;de;https://zimbau.ch;
238;BE;ZAUGG BAU AG;Allmendingen-Allee 2;;3608;Thun;info@zauggbau.ch;de;https://zauggbau.ch;
239;BE;Zimmermann Bauunternehmung AG;Oberbottigenweg 51 A;;3019;Bern;kontakt@zimmermann-bauunternehmung.swiss;de;https://zimmermann-bauunternehmung.swiss;
240;BE;Zurbuchen Bau GmbH;Bockstornweg 2;;3800;Unterseen;info@zurbuchenbau.ch;de;https://zurbuchenbau.ch;
241;BE;zurbuchen baugeschäft ag;kreuz 1028;;3804;habkern;g.borter@zurbuchen-baugeschaeft.ch;de;https://zurbuchen-baugeschaeft.ch;
242;BE;Zimmermann AG;Schmockenstrasse 101;;3803;Beatenberg;info@zimbau.ch;de;https://zimbau.ch;
244;SO;A. Kamber AG;Uelismatt 1;;4613;Rickenbach;info@ak-bau.ch;de;https://ak-bau.ch;
245;SO;Aeschlimann AG;Belchenstrasse 3;;4600;Olten;info@aeschlimann.ch;de;https://aeschlimann.ch;
246;SO;Aeschlimann AG;Untere Brühlstrasse 36;;4800;Zofingen;info@aeschlimann.ch;de;https://aeschlimann.ch;
247;SO;Andreas Meier AG;Hauptstrasse 34;;5013;Niedergösgen;info@andreasmeierag.ch;de;https://andreasmeierag.ch;
248;SO;Anliker AG Bauunternehmung;Meierhöflistrasse 18;;6021;Emmenbrücke;bauunternehmung@anliker.ch;de;https://anliker.ch;
249;SO;Anliker AG Bauunternehmung;Chrischonastrasse 2;;4127;Birsfelden;basel@anliker.ch;de;https://anliker.ch;
250;SO;Anliker AG Bauunternehmung;Uelismatt 1;;4613;Rickenbach;olten@anliker.ch;de;https://anliker.ch;
251;SO;Baroffio AG;Talmattweg 11;;4571;Lüterkofen;baroffioag@bluewin.ch;de;;
252;SO;Bernasconi Bau AG;;;4542;Luterbach;info@bernasconi-bau.ch;de;https://bernasconi-bau.ch;
253;SO;Betosan AG;Schermenweg 151;;3072;Ostermundigen;info@betosan.ch;de;https://betosan.ch;
254;SO;Candoni Bau AG;Sandackerstrasse 3;;4524;Günsberg;info@candoni.ch;de;https://candoni.ch;
255;SO;Cervi AG;Winznauerstrasse 125;;4632;Trimbach;h.r.hirschi@cerviag.ch;de;https://cerviag.ch;
256;SO;Christen AG;Hauptstrasse 48;;4565;Recherswil;info@chistenbau.ch;de;https://www.schneider-bau.ch;
257;SO;Gebrüder Danz AG;Günsbergstrasse 1;;4535;Hubersdorf;info@danz-bau.ch;de;https://danz-bau.ch;
258;SO;Eggenschwiler Hoch- und Tiefbau AG;Brunnersmoosstrasse 17;;4710;Balsthal;info@egge-bau.ch;de;https://egge-bau.ch;
259;SO;ERNE AG Bauunternehmung;Hüningerstrasse 46;;4056;Basel;info@erne.ch;de;https://erne.ch;
260;SO;ERNE AG Bauunternehmung;Langgass 5;;5244;Birrhard;info@erne.ch;de;https://erne.ch;
261;SO;ERNE AG Bauunternehmung;Dammstrasse 3;;5070;Frick;info@erne.ch;de;https://erne.ch;
262;SO;ERNE AG Bauunternehmung;Baslerstrasse 5;Postfach;5080;Laufenburg;info@erne.ch;de;https://erne.ch;
263;SO;ERNE AG Bauunternehmung;Bernerstrasse Nord 202;;8064;Zürich;info@erne.ch;de;https://erne.ch;
264;SO;Erne Bau AG;Martinstrasse 14;;4622;Egerkingen;ernebau-ag@bluewin.ch;de;;
265;SO;Enz & Borrer GmbH;Westbahnhofstrasse 1;;4500;Solothurn;info@enz-der-pflaesterer.ch;de;https://enz-der-pflaesterer.ch;
266;SO;Fluri Paul AG;Dorfstrasse 4;Postfach 35;4717;Mümliswil;info@paulfluriag.ch;de;https://paulfluriag.ch;
267;SO;Galli Hoch- und Tiefbau AG;Emmenweg 25;;4528;Zuchwil;info@galliag.ch;de;https://galliag.ch;
268;SO;Gäustra AG;Bitzmattstrasse 11;;4703;Kestenholz;gaeustra@doerfliger.ch;de;https://doerfliger.ch;
269;SO;Gebr. Huber AG;Industriestrasse 132;;5012;Wöschnau;info@huber-bau.ch;de;https://huber-bau.ch;
270;SO;Grund- und Tiefbau AG Solothurn;Bielstrasse 102;;4503;Solothurn;info@gt-solothurn.ch;de;https://www.gt-solothurn.ch;
271;SO;Grünig Bau AG;Kürzeweg 7;;4658;Däniken;green@yetnet.ch;de;https://gruenig-bau.ch;
272;SO;Grütter Bauunternehmung;Blumensteinstr. 10;;4552;Derendingen;info@gruetter-bau.ch;de;https://gruetter-bau.ch;
273;SO;Gurtner Hans AG;Archmattenweg 30;;2540;Grenchen;gurtner-ag@bluewin.ch;de;;
274;SO;Imperiali AG;Rütifeldstrasse 2;;3294;Büren  a.A.;info@imperiali.ch;de;https://imperiali.ch;
275;SO;Imperiali AG;Aarbergstrasse 107A;;2501;Biel;info@imperiali.ch;de;https://imperiali.ch;
276;SO;Imperiali AG;Allerheiligenstrasse 23;;2540;Grenchen;info@imperiali.ch;de;https://imperiali.ch;
277;SO;INTERBOHR AG;Reusseggstrasse 2;;6002;Luzern;info@interbohr.ch;de;https://interbohr.ch;
278;SO;INTERBOHR AG;Industriestrasse 18;;8108;Dällikon;info@interbohr.ch;de;https://interbohr.ch;
279;SO;INTERBOHR AG;Uelismatt 1;;4613;Rickenbach;info@interbohr.ch;de;https://interbohr.ch;
280;SO;INTERBOHR AG;Chrischonastrasse 2;;4127;Birsfelden;info@interbohr.ch;de;https://interbohr.ch;
281;SO;JAVA Rückbau + Recycling AG;Attisholzstrasse 10;;4533;Attisholz;info@java-ag.ch;de;https://java-ag.ch;
282;SO;Gebr. Jetzer AG;Alte Bernstrasse 1;;3253;Schnottwil;buero@gebr-jetzer.ch;de;https://gebr-jetzer.ch;
283;SO;Gebr. Jetzer AG;Steinweg 26;;3250;Lyss;buero@gebr-jetzer.ch;de;https://gebr-jetzer.ch;
284;SO;Johann Volonté AG;Sabelmattstrasse 10;;4208;Nunningen;info@volontebau.ch;de;https://volontebau.ch;
285;SO;Kägi Ueli;Hauensteinstrasse 28;;4632;Trimbach;;de;;
286;SO;Kaiser Bauunternehmung GmbH;Spichermattsttrasse 29;;4573;Lohn-Ammannsegg;juerg@kaiserbauunternehmung.ch;de;https://www.kaiserbauunternehmung.com;
287;SO;Karli Jakob GmbH;Langfeldweg 6a;;4528;Zuchwil;gregor.jakob@karlijakob.ch;de;https://karlijakob.ch;
289;SO;KIBAU AG;Kirchstrasse 50;;4713;Matzendorf;info@kibau.ch;de;https://kibau.ch;
290;SO;Kummer Bau AG;Sandstrasse 4;;4573;Lohn-Ammannsegg;kummerbauag@bluewin.ch;de;;
291;SO;Lüthi Bauen AG;Hauptstrasse 95e;;4552;Derendingen;info@luethi-bauen.ch;de;https://luethi-bauen.ch;
292;SO;Makos Bau GmbH;Scharlenweg 7;;4534;Flumenthal;office@makos.ch;de;https://makos.ch;
293;SO;Marti AG Solothurn;Bielstrasse 102;;4500;Solothurn;info@marti-solothurn.ch;de;https://www.marti-solothurn.ch;
295;SO;STA Strassen- und Tiefbau AG;Belchenstrasse 3;;4600;Olten;info@sta-olten.ch;de;https://sta-olten.ch;
296;SO;STA Strassen- und Tiefbau AG;;Postfach 734;2540;Grenchen;info@sta-olten.ch;de;https://sta-olten.ch;
298;SO;Morgillo Hoch-und Tiefbau GmbH;Sälistrasse 9;;4657;Dulliken;amorgillo@hotmail.com;de;;
299;SO;Niklaus Strassen- und Tiefbau AG;Bahnhofstrasse 9;;4512;Bellach;info@niklaus-strassenbau.ch;de;https://niklaus-strassenbau.ch;
300;SO;Panaiia & Crausaz Bau AG;Archmattenweg 30;;2540;Grenchen;info@panaiiacrausaz.ch;de;https://panaiia-crausaz-bau.digitalone.site;
301;SO;Probst Tiefbau GmbH;Hübelmatten 4;;4717;Mümliswil;gabriel.probst@probst-tiefbau.ch;de;https://probst-tiefbau.ch;
302;SO;R + F Bau AG;Zielmattenring 9;;4563;Gerlafingen;buero@rf-bauag.ch;de;https://rf-bauag.ch;
303;SO;Späti Bau AG;Gärischstrasse 4;;4512;Bellach;spaetibauag@bluewin.ch;de;;
304;SO;Stampfli Baugeschäft;Hausmattweg 220;;4714;Aedermannsdorf;stampflimarcel@bluewin.ch;de;;
305;SO;G. Steiner AG;Ribimatt 10;;4628;Wolfwil;info@g-steinerag.ch;de;http://www.g-steinerag.ch;
306;SO;Steiner Ivan;Baselstr. 7;;4534;Flumenthal;info@steinerbau.ch;de;http://www.steinerbau.ch;
307;SO;Stephani Bau GmbH;Wässermatten 9;;4543;Deitingen;fabian.stephani@gawnet.ch;de;;
308;SO;Sterki Bau AG;Gibelinstrasse 27;;4500;Solothurn;buero@sterkibau.ch;de;https://sterkibau.ch;
309;SO;STRABAG AG;Stauffacherstr. 77;;3014;Bern;bern.ch@strabag.com;de;https://strabag.com;
310;SO;STRABAG AG;Längfeldweg 111;;2504;Biel;biel.ch@strabag.com;de;https://strabag.com;
311;SO;STRABAG AG;Gewerbestr. 8a;;4553;Subingen;subingen.ch@strabag.com;de;https://strabag.com;
312;SO;STRABAG AG;Bittertenstr. 12;;4702;Oensingen;oensingen.ch@strabag.com;de;https://strabag.com;
313;SO;STRABAG AG;Gheidgraben 10;;4600;Olten;olten.ch@strabag.com;de;https://strabag.com;
314;SO;STRABAG AG;Industriestr. 15;;4653;Obergösgen;olten.ch@strabag.com;de;https://strabag.com;
315;SO;STRABAG AG;Unterrohrstr. 5;;8952;Schlieren;info.ch@strabag.com;de;https://strabag.com;
316;SO;STRABAG AG;Rigacher 1;;8315;Lindau;holzbau.ch@strabag.com;de;https://strabag.com;
317;SO;STRABAG AG;Grabenhofstr. 1;;6010;Kriens;kriens.ch@strabag.com;de;https://strabag.com;
318;SO;STRABAG AG;Wasserfallstr. 74;;3690;Engelberg;engelberg.ch@strabag.com;de;https://strabag.com;
319;SO;STRABAG AG;Bifang 4;;6472;Erstfeld;erstfeld.ch@strabag.com;de;https://strabag.com;
320;SO;STRABAG AG;Industriezone Drun;Postfach 64;7188;Sedrun;disentis.ch@strabag.com;de;https://strabag.com;
321;SO;STRABAG AG;Via Plaun da Diras 8;;7180;Disentis/Mustér;disentis.ch@strabag.com;de;https://strabag.com;
322;SO;STRABAG AG;Zürichstr. 28;;8840;Einsiedeln;einsiedeln.ch@strabag.com;de;https://strabag.com;
323;SO;STRABAG AG;Werkstr. 35;;8222;Beringen;schaffhausen.ch@strabag.com;de;https://strabag.com;
324;SO;STRABAG AG;Schlössliweg 27;;8200;Schaffhausen;schaffhausen.ch@strabag.com;de;https://strabag.com;
325;SO;STRABAG AG;Maurerstr. 5;;8280;Kreuzlingen;kreuzlingen.ch@strabag.com;de;https://strabag.com;
326;SO;STRABAG AG;Walkestr. 101;;8570;Weinfelden;weinfelden.ch@strabag.com;de;https://strabag.com;
327;SO;STRABAG AG;Weinfelderstr. 116;;8580;Amriswil;amriswil.ch@strabag.com;de;https://strabag.com;
328;SO;STRABAG AG;Gaiserwaldstr. 14;;9015;St. Gallen;info.ch@strabag.com;de;https://strabag.com;
329;SO;STRABAG AG;Rue du Collège 4;;1110;Morges;morges.ch@strabag.com;de;https://strabag.com;
330;SO;Studer Bautechnik AG;Cheesturmweg 21;;4624;Härkingen;info@studer-bautechnik.ch;de;https://studer-bautechnik.ch;
332;SO;TOZZO AG;Grüngenstrasse 39;;4416;Bubendorf;info@tozzo.ch;de;https://tozzo.ch;
333;SO;TOZZO AG;Mailandstrasse 31;;4053;Basel;info@tozzo.ch;de;https://tozzo.ch;
334;SO;TOZZO AG;Nordringstrasse 9;;4702;Oensingen;info@tozzo.ch;de;https://tozzo.ch;
335;SO;TOZZO AG;Bahnhofstrasse 162;;4313;Möhlin;info@tozzo.ch;de;https://tozzo.ch;
336;SO;Tschanz Grabenlos AG;Industriestrasse 6;;4542;Luterbach;info@tschanzgrabenlos.ch;de;https://tschanzgrabenlos.ch;
337;SO;Vogel AG;Sonnhaldenstrasse 44;;4622;Egerkingen;vogel.bau@bluewin.ch;de;;
338;SO;Wanner Bau AG;Hardstrasse 63;;4657;Dulliken;info@wannerbau-ag.ch;de;https://wannerbau-ag.ch;
339;SO;WEBER AG;Hofackerstrasse 53;Postfach 922;4132;Muttenz 1;info@gleisbau.ch;de;https://gleisbau.ch;
340;SO;Wernli Bau AG;Mühleweg 3;;4658;Däniken;info@wernlibau.ch;de;https://wernlibau.ch;
341;SO;Wüest AG;Vorstatt 35;;6244;Nebikon;info@wuest.ch;de;https://wuest.ch;
342;SO;Wüest AG;;Postfach 1009;4600;Olten;info@wuest.ch;de;https://wuest.ch;
343;SO;Wüest AG;Hindervormüli 14;;6170;Schüpfheim;info@wuest.ch;de;https://wuest.ch;
344;SO;Wüest AG;Bornweg 2;;4800;Zofingen;info@wuest.ch;de;https://wuest.ch;
345;LU;A. Duss AG;Killacher 2;;6110;Wolhusen-Fontannen;info@dussag.ch;de;https://dussag.ch;
346;LU;Affentranger Bau AG;Schlossweg 4;;6147;Altbüron;info@affentrangerbauag.ch;de;https://affentrangerbauag.ch;
347;LU;Affentranger 3DCP;Gartenstrasse 7;;4537;Wiedlisbach;info@affentranger3dcp.ch;de;https://affentranger3dcp.ch;
348;LU;alimpleo GmbH;Rosenmatt 4;;6206;Neuenkirch;info@alimpleo.ch;de;https://alimpleo.ch;
349;LU;Ammann AG;Bergstrasse 10;;6004;Luzern;bau@ammann-ag.ch;de;https://ammann-ag.ch;
350;LU;Ammann AG;Fridolin-Hoferstrasse 11;;6045;Meggen;bau@ammann-ag.ch;de;https://ammann-ag.ch;
351;LU;Amrein AG;Saffental 5;;6221;Rickenbach;info@amrein-ag.ch;de;https://amrein-ag.ch;
352;LU;Anliker AG;Meierhöflistrasse 18;;6021;Emmenbrücke;bauunternehmung@anliker.ch;de;https://anliker.ch;
353;LU;Aregger AG;Gewerbering 20;;6018;Buttisholz;info@aregger-ag.ch;de;https://aregger-ag.ch;
354;LU;Arnold Senger AG;Ebnetstrasse 7;;6043;Adligenswil;info@sengerag.ch;de;https://sengerag.ch;
355;LU;Bau AG Doppleschwand - Romoos;Pfrundmatte 7;;6112;Doppleschwand;info@bauag-doro.ch;de;https://bauag-doro.ch;
356;LU;Bau AG;Mühlehofstr. 1;;6260;Reiden;info@bauag.ch;de;https://bauag.ch;
357;LU;Beer AG;Hauptstrasse 34;;6280;Hochdorf;info@beerbau.ch;de;https://beerbau.ch;
358;LU;Birchmeier Bau AG;Gewerbestrasse 21;;5312;Döttingen;info@birchmeier-bau.ch;de;https://birchmeier-bau.ch;
359;LU;Birchmeier Bau AG;Zelgweg 12;;5405;Baden-Dättwil;info@birchmeier-bau.ch;de;https://birchmeier-bau.ch;
360;LU;Birchmeier Bau AG;Binningerstrasse 110d;Gebäude 71;4123;Allschwil;info@birchmeier-bau.ch;de;https://birchmeier-bau.ch;
361;LU;Birchmeier Bau AG;Kapellenstrasse 1;;4323;Wallbach;info@birchmeier-bau.ch;de;https://birchmeier-bau.ch;
362;LU;Birchmeier Bau AG;Husacherstrasse 3;;8304;Wallisellen;info@birchmeier-bau.ch;de;https://birchmeier-bau.ch;
363;LU;BIRRER Bauunternehmung AG;Büelstrasse 6;;6213;Knutwil;info@birrer-bau.ch;de;https://birrer-bau.ch;
364;LU;BS Zeier AG;Steinbruchhof 1;;6012;Obernau;info@bszeier.ch;de;https://bszeier.ch;
365;LU;Bürgi AG;Grüneckweg 3;;6055;Alpnach Dorf;info@buergibau.ch;de;https://buergibau.ch;
369;LU;Cellere Bau AG;Alte Lenzburgerstrasse 6;;5242;Birr;aarau@cellere.ch;de;https://cellere.ch;
402;LU;ELEGANTI Bauunternehmung AG;Steinhofweg 12;Postfach;6000;LUZERN 7;info@eleganti.lu;de;https://eleganti.lu;
403;LU;Emil Gloggner AG;Riede 4;;6017;Ruswil;admin@emil-gloggner.ch;de;https://emil-gloggner.ch;
404;LU;Emil Peyer AG;Rossgassmoos 1;;6130;Willisau;mail@peyerbau.ch;de;https://peyerbau.ch;
405;LU;Kurmann AG;Buholzstrasse 7;;6123;Geiss;kurmannbau@kurmannbau.ch;de;https://kurmannbau.ch;
406;LU;Gebr. Amberg Bauunternehmung AG;Obergrundstrasse 108;;6005;Luzern;info@amberg-bau.ch;de;https://amberg-bau.ch;
407;LU;GEBR. BRUN AG;Seetalstrasse 216;;6032;Emmen;info@brunbau.ch;de;https://brunbau.ch;
408;LU;GEBR. BRUN AG;Breiteli 20 a;;6472;Erstfeld;info@brunbau.ch;de;https://brunbau.ch;
409;LU;Glanzmann Tiefbau GmbH;Fürbach 4;;6133;Hergiswil bei Willisau;info@glanzmann-tiefbau.ch;de;https://glanzmann-tiefbau.ch;
410;LU;Gretler AG;Feldmatt 3;;6208;Oberkirch;gretler.ag@bluewin.ch;de;;
411;LU;Häni Bauunternehmung AG;Lohrensäge;;6020;Emmenbrücke;info@haeni-bau.ch;de;;
412;LU;H. Estermann Bau AG;Zellgut 6;;6214;Schenkon;info@hestermann.ch;de;https://hestermann.ch;
413;LU;Häfliger Bau AG;Bernstrasse 18;;6144;Zell;info@haefligerbau.ch;de;https://haefligerbau.ch;
414;LU;Hans Cerutti AG;Bertiswilstrasse 51;;6023;Rothenburg;info@cerutti.ch;de;https://cerutti.ch;
415;LU;Hans Renggli Bau AG;Industriestrasse 26;;6102;Malters;info@hrbauag.ch;de;https://hrbauag.ch;
416;LU;Hansjörg Küng AG;Schmittenrain 2;;6162;Entlebuch;info@kueng-bau-ag.ch;de;https://kueng-bau-ag.ch;
417;LU;Heitkamp Construction Swiss GmbH;Pilatusstrasse 2;;6036;Dierikon;info@heitkamp-swiss.ch;de;https://heitkamp-swiss.ch;
418;LU;Hoch- und Tiefbau AG;Haldenmattstrasse 1;;6210;Sursee;info@ht-sursee.ch;de;https://ht-sursee.ch;
419;LU;Krummenacher Baggerbetrieb GmbH;Stäldeli 1;;6196;Marbach;;de;;
420;LU;KIENER Bau AG;Seebadstrasse 30;;6283;Baldegg;info@kienerbau.ch;de;https://kienerbau.ch;
421;LU;Knupp Bau AG;Kirchstrasse 6;;6205;Eich;info@knupp.ch;de;https://knupp.ch;
422;LU;Kronenberg Hoch- und Tiefbau AG;Bahnhofstrasse 47;;4806;Wikon;info@kronenberg-bau.ch;de;https://kronenberg-bau.ch;
423;LU;Kurmann + Balmer AG;St. Urbanstrasse 1;;6210;Sursee;info@kubasu.ch;de;https://kubasu.ch;
424;LU;Kurmann Bau AG;Hofmattweg 26;;6142;Gettnau;kurmann-bau.ag@bluewin.ch;de;;
425;LU;Lötscher Tiefbau AG;Spahau 3;;6014;Luzern;loetscher-plus@ltp.ch;de;https://ltp.ch;
426;LU;Lübke Bau GmbH;Udligenswilerstrasse 64;;6043;Adligenswil;luebkebau@bluewin.ch;de;;
427;LU;Luternauer AG;Birchmatte 7;;6265;Roggliswil;bl.lubau@bluewin.ch;de;;
428;LU;Marti Bauunternehmung AG Luzern;Eichwaldstrasse 5;Postfach 3370;6002;Luzern;marti.zentralschweiz@martiag.ch;de;https://martiag.ch;
429;LU;Marti AG Bürglen;Obriedenstrasse 37a;;6463;Bürglen;marti.zentralschweiz@martiag.ch;de;https://martiag.ch;
430;LU;Marti Bauunternehmung AG Luzern;Ringstrasse 14;;6010;Kriens;marti.zentralschweiz@martiag.ch;de;https://martiag.ch;
431;LU;Frigo + Marti AG;Chamer Fussweg 11;;6300;Zug;marti.zentralschweiz@martiag.ch;de;https://martiag.ch;
432;LU;Marti Bauunternehmung AG Luzern;Rüeggiswilstrasse 17;;6045;Meggen;marti.zentralschweiz@martiag.ch;de;https://martiag.ch;
433;LU;Marti Bauunternehmung AG Luzern;Hasenmoosstrasse 49;;6023;Rothenburg;marti.zentralschweiz@martiag.ch;de;https://martiag.ch;
434;LU;Marti Bauunternehmung AG Luzern;Kehrsitenstrasse 23;;6362;Stansstad;marti.zentralschweiz@martiag.ch;de;https://martiag.ch;
435;LU;Marti Bauunternehmung AG Luzern;Technikumstrasse 3;;6048;Horw;marti.zentralschweiz@martiag.ch;de;https://martiag.ch;
436;LU;Marti Bauunternehmung AG Luzern;Vorderstockli 7;;6390;Engelberg;marti.zentralschweiz@martiag.ch;de;https://martiag.ch;
438;LU;MW Bau AG;Ohmstalerstrasse 2;;6247;Schötz;info@mw-bauag.ch;de;https://www.mw-bauag.ch;
439;LU;PETER BAGGERUNTERNEHMUNG;Dorfstrasse 10;;6263;Richenthal LU;martinpeter@peter-bagger.ch;de;https://www.peter-bagger.ch;
440;LU;PK Bau AG;Hirserenriedstrasse 38;;6074;Giswil;mail@pkbau.ch;de;https://www.pkbau.ch;
441;LU;PK Bau AG;Bahnhofstrasse 6;;6170;Schüpfheim;info@pkbau.com;de;https://www.pkbau.com;
442;LU;PK Bau AG;Emmenweidstrasse 90;;6020;Emmenbrücke;info@pkbau.com;de;https://www.pkbau.com;
443;LU;PK Bau AG;Achereggstrasse 8;;6362;Stansstad;mail@pkbau.ch;de;https://www.pkbau.ch;
444;LU;PK Bau AG;Wilerstrasse 1;;6472;Erstfeld;mail@pkbau.ch;de;https://www.pkbau.ch;
445;LU;PoliBau AG;Hasliweg 1;;6052;Hergiswil;info@polibau.ch;de;https://polibau.ch;
446;LU;PORR SUISSE AG;Seedorferstrasse 56;;6460;Altdorf;info@porr.ch;de;https://porr.ch;
447;LU;Roos Walter Bau AG;Horüti 2;;6110;Wolhusen;info@roosbau.ch;de;https://roosbau.ch;
448;LU;Rüttimann Leitungsbau AG;Flurweidstrasse 10;Ottenhusen;6275;Ballwil;info@ruettimann-leitungsbau.ch;de;https://ruettimann-leitungsbau.ch;
449;LU;S&BAU AG;Dorfstrasse 9;;6035;Perlen;info@s-bau.ch;de;https://s-bau.ch;
450;LU;Salzmann Bau AG;Alte Kantonsstrasse 142;;6274;Eschenbach;info@salzmann-bau.ch;de;https://salzmann-bau.ch;
451;LU;Saredi AG;Bahnhofstrasse 37;;6403;Küssnacht;info@saredi.ch;de;https://saredi.ch;
452;LU;SCHMID GRUPPE;Neuhaltenring 1;;6030;Ebikon;info@schmid.lu;de;https://schmid.lu;
453;LU;SCHMID BAUUNTER­NEHMUNG AG;Neuhaltenring 1;;6030;Ebikon;bau@schmid.lu;de;https://schmid.lu;
454;LU;SCHMID BAUUNTER­NEHMUNG AG;Widenbach 5;;6246;Altishofen;wiggertal@schmid.lu;de;https://schmid.lu;
455;LU;Sepp Bättig Bau AG;Eichenweg 2;;6205;Eich;info@baettig-bau.ch;de;https://baettig-bau.ch;
456;LU;"SPAG Schnyder, Plüss AG";Rotzloch 2;;6362;Stansstad;kontakt@spag.ch;de;https://spag.ch;
457;LU;"SPAG Schnyder, Plüss AG";Rosenweg 3;;6064;Kerns;kontakt@spag.ch;de;https://spag.ch;
458;LU;"SPAG Schnyder, Plüss AG";Sempacherstrasse 19;;6005;Luzern;kontakt@spag.ch;de;https://spag.ch;
459;LU;"SPAG Schnyder, Plüss AG";Breiteli 20a;;6472;Erstfeld;kontakt@spag.ch;de;https://spag.ch;
460;LU;STALDER BAU AG;Bahnhofstrasse 15a;;6166;Hasle;info@stalderbauag.ch;de;https://stalderbauag.ch;
461;LU;Stalder Tiefbau AG;Längacher 19;;6170;Schüpfheim;info@staldertiefbau.ch;de;https://staldertiefbau.ch;
462;LU;STUTZ AG BAUUNTERNEHMUNG;Adlermatte 17;;6130;Willisau;info@stutzbau.ch;de;https://stutzbau.ch;
463;LU;Sustra Tiefbau + Strassen AG;Allmendstrasse 11;;6210;Sursee;info@sustra.ch;de;https://sustra.ch;
464;LU;Sustra AG;Aarauerstrasse 44;;5040;Schöftland;schoeftland@sustra.ch;de;https://sustra.ch;
465;LU;Sustra AG;Blegi 9;;6343;Rotkreuz;rotkreuz@sustra.ch;de;https://sustra.ch;
466;LU;Sustra AG;Jurastrasse 20;;4600;Olten;olten@sustra.ch;de;https://sustra.ch;
467;LU;Vanoli AG;Aarburgerstrasse 25;;4800;Zofingen;info@vanoli.ch;de;https://vanoli.ch;
468;LU;Vanoli AG;Habsburgerstrasse 12;;6003;Luzern;info@vanoli.ch;de;https://vanoli.ch;
469;LU;Vanoli AG;Chemin des Cottalets 4;;1441;Valeyres-sous-Montagny;info@vanoli.ch;de;https://vanoli.ch;
470;LU;WALLER AG;Werkstrasse 9;Postfach;6233;Büron;info@wallerag.ch;de;https://wallerag.ch;
471;LU;Wiederkehr Baugeschäft AG;Gorgen 13;;6275;Ballwil;k.wiederkehr@bluewin.ch;de;;
472;LU;Zemp Tiefbau Schüpfheim GmbH;Chlusbode 2;;6170;Schüpfheim;info@zemp-tiefbau.ch;de;https://zemp-tiefbau.ch;
473;LU;Zettel AG;Luegetalmatte 1;;6133;Hergiswil b. Willisau;zettel.bau@bluewin.ch;de;;
483;FR;CLERC bau AG;Haupstrasse 54;;3186;Düdingen;info@clerc.ch;de;https://clerc.ch;
487;FR;Costrava Hoch- und Tiefbau AG;Bernstrasse 24;Postfach 68;3175;Flamatt;info@costrava.ch;de;https://www.costrava.ch;
516;FR;Fribag Tief-& Strassenbau AG;Schwarzseestrasse 24;;1712;Tafers;info@fribag.ch;de;https://fribag.ch;
517;FR;Fritz Gugger AG;Engelhardstr. 6;;3280;Murten;;de;;
519;FR;GM Bau Gugger + Meyer AG;Engelhardstr. 6;;3280;Murten;info@gmbau.ch;de;https://gmbau.ch;
522;FR;Hugo Raemy und Sohn AG;Rüttistrasse 8;;1716;Plaffeien;info@hugoraemyag.ch;de;https://hugoraemyag.ch;
528;FR;JPF Construction SA;Mariahilfstrasse 51;Postfach;1712;Tafers;secretariat@jpf.ch;de;https://jpf.ch;
535;FR;Offner Bauunternehmung AG;Pra Pury 30;;3280;Murten;offnerbau@bluewin.ch;de;;
537;FR;Perler AG;Dorfstrasse 8;;3184;Wünnewil;info@perlerag.ch;de;https://perlerag.ch;
538;FR;Perler AG;Mariahilfstrasse 37;;1712;Tafers;info@perlerag.ch;de;https://perlerag.ch;
545;FR;Rauber Hoch- und Tiefbau GmbH;Höflistrasse 7;;1656;Jaun;;de;;
549;FR;Ribi Bau GmbH;Hubel 54;;1737;Plasselb;ribi.bielmann@bluewin.ch;de;;
553;FR;Schaller AG;Mühleweg 22;;3212;Gurmels;info@schallerbau.ch;de;https://schallerbau.ch;
554;FR;Vonlanthen & Moser Bauservice GmbH;Halta 2;;1717;St. Ursen;Info@vonlanthen-moser.ch;de;https://vonlanthen-moser.ch;
555;FR;wirbauen AG;Hauptstrasse 20;;1715;Alterswil;office@wirbauen.ch;de;https://wirbauen.ch;
556;FR;wirbauen AG;;Postfach;1712;Tafers;office@wirbauen.ch;de;https://wirbauen.ch;
557;FR;wirbauen AG;Velgaweg 15;;3186;Düdingen;office@wirbauen.ch;de;https://wirbauen.ch;
558;FR;wirbauen AG;Schlossstrasse 35;Postfach 68;1714;Heitenried;office@wirbauen.ch;de;https://wirbauen.ch;
560;FR;ZUMWALD Bauunternehmung AG;Friesenstrasse 13;;3185;Schmitten;info@zumwald.ch;de;https://zumwald.ch;